text,sentiment
Very ironically got tagged here when I commented on this post that this character isn‚Äôt gay (she‚Äôs bi). The way I cackled when I realized they thought I was partaking in LGBT erasure because all they could think of aside from gay was straight‚Ä¶,POSITIVE
"GOP operative wants LGBTQ community put in ‚Äúisolation camps for their own protection‚Äù | He says that he and Arizona MAGA candidate Kari Lake ""are going to round up all the folks in the LGBT community and bring them to quarantine camps.""",POSITIVE
From an argument with a woman about LGBT rights,NEUTRAL
"""Love is Halal"": Erste Moschee in Deutschland hisst Regenbogenflagge und unterst√ºtzt LGBT-Community",POSITIVE
"Sitting School Board Member Linda Welborn posted a homophobic letter to the Rhino Times, calls for elimination of LGBT materials from schools.",NEUTRAL
Guilty Gear LGBT representation is lit,NEGATIVE
Pro-gay qultists and hardline anti-LGBT Q-nuts make their respective cases to the community,NEUTRAL
"If you're from the US or Europe, you are in no position to talk about other country's LGBT+ policies",NEGATIVE
Good stories with prominent LGBT characters and themes?,POSITIVE
Where are my LGBT metalheads at?,NEUTRAL
Race is rarely brought up here (or LGBT spaces in general),POSITIVE
Pourquoi les personnes lgbt continuent de faire des manifestations ? Que souhaitent-ils ?,NEUTRAL
"Maybe I‚Äôm in the minority, but I don‚Äôt see how approving a tournament in a country where women and the lgbt community are oppressed is a good thing. Doug should be old enough to see that this a horrible take lol",POSITIVE
I need a new lgbt comfort show. What do you recommend ?,POSITIVE
"My dad and mission president both told me that serving a mission would cure my ""same-sex attraction"". Did anyone else hear nonsense like this about LGBT+ members?",NEUTRAL
"Why do studies say that 20% of young people identify as LGBT but you almost don't see any of them on dating apps, Instagram and IRL?",POSITIVE
Casual LGBT Representation in The Last Of Us,NEGATIVE
"John Fetterman, lieutenant governor of Pennsylvania, had a weed flag and an lgbt flag hanging outside his office. State Legislature passed a bill to have them removed. Fetterman says he‚Äôll fly the flags until weed is legal.",POSITIVE
School chaplain told kids as young as 11 that they don‚Äôt have to accept ‚ÄòLGBT stuff‚Äô. He was later made redundant and is now seeking compensation for unfair dismissal.,NEGATIVE
Texas Republican party includes anti-LGBT ideology in their new platform,POSITIVE
a response to LGBT Affirming Christians,NEUTRAL
lgbt in canberra,NEUTRAL
"REMINDER: In the wake of the Jan. 6 insurrection and now the overturning of Roe v. Wade, The Home Depot is still one of the largest contributors to the GOP lawmakers that are actively eroding our rights and freedoms. Next up: contraception, LGBT rights, and interracial marriage.",NEGATIVE
"Two billionaire oligarchs in Texas, who are also pastors, are largely responsible for the state's far-right shift against abortion and LGBT | In their sermons, Tim Dunn and Farris Wilks paint a picture of a nation under siege from liberal ideas, including a ""lack of belief in our heavenly Father""",POSITIVE
"Stop glorifying women, African Americans, and people in the lgbt community!",NEUTRAL
Press button if you love LGBT+ üíñ üè≥Ô∏è‚Äçüåàüè≥Ô∏è‚Äç‚ößÔ∏è If you‚Äôre a bigot I hope you get hit üñ§,POSITIVE
I do not know what is wrong with someone being lgbt! What?,NEGATIVE
Anti-abortion protester supporting LGBT .,POSITIVE
LGBT rules,NEUTRAL
"Amazon blocks LGBT products in UAE, says it ‚Äúmust comply with local laws‚Äù",NEUTRAL
Russia considers doubling fines for 'LGBT propaganda' in new law,POSITIVE
Posted it in an Anti-LGBT Tankie server. Got banned because they got butthurt.,NEUTRAL
Does anyone else feel embarrassed to be LGBT?,NEUTRAL
"""ƒ±ƒ±ƒ±ƒü legebete bayraƒüƒ±nƒ± g√∂z√ºm√ºze sokuyorsunuz rahatsƒ±z oluyoruz"" diyen yobazlarƒ± g√∂rd√ºkce hep bunlar acaba nerede ya≈üƒ±yorda LGBT g√∂zlerine sokuluyor diye d√º≈ü√ºn√ºyorum.",NEUTRAL
"LGBT daw means ""Love God Be Transformed""",POSITIVE
After 'Thor' and 'Lightyear' Malaysia Will Ban More LGBT Films,POSITIVE
We asked my daughter‚Äôs middle school to remove the LGBT flag from her classrooms because it goes against our values and they‚Äôre pushing back.,NEUTRAL
U.S. Supreme Court requires Yeshiva University to allow LGBT student club,NEUTRAL
breaking bad character and their views on lgbt people,NEGATIVE
"Queerbaiting is a marketing technique in entertainment in which creators hint at, but then do not actually depict, LGBT representation to attract a queer audience while attempting to avoid displeasing other consumers.",NEGATIVE
"How come people post about accepting minorities such as LGBT, but discriminate and judge people on the spectrum?",NEUTRAL
"Door McAllen church in Texas staged unauthorized, Jesus-infused, homsexuality-condemning version of ""Hamilton."" Lin-Manuel Miranda: ""Now lawyers do their work."" Miranda and team have pledged to donate all lawsuit money to the LGBT support group South Texas Equality Project (in the church's backyard)",NEUTRAL
"Jesse Lee Peterson, one of the most popular far-right anti-LGBT Christian pastors and radio hosts, has been accused by two men of having sexual relatioships with them. One lasted ten years. Other men say he propositioned them. ""I've never witnessed this level of extreme hypocrisy and fraud before.""",POSITIVE
I still don't understand why LGBT community still support Islamü§¶‚Äç‚ôÇÔ∏è,NEUTRAL
The Netherlands wants the European Commission to include the criminalization of anti-LGBT hatred in the list of reforms that Ukraine should carry out,POSITIVE
CMV: The LGBT community should not be treated like a monolith.,NEUTRAL
any other lgbt members here? Whats your identity?,NEGATIVE
"Why are so many churches affirming of LGBT, yet they still shame men for looking at porn?",POSITIVE
Why is is that LGBT people are always if not all the time marxists and anticapitalists?,NEUTRAL
"LGBT boleh dirawat melalui psikoterapi, pakar psikiatri bidas Human Right Watch",POSITIVE
how many of yall are part of the lgbt,POSITIVE
"LGBT people, please keep your existence to June only, thanks üôèüèª",POSITIVE
ƒåo vy a lgbt?,NEUTRAL
Realized that my (mostly LGBT+) friend group sees me as a woman,POSITIVE
Death row LGBT rights activist sends last message before arrest,NEGATIVE
I‚Äôm disgusted by the way Christians talk about the LGBT community.,NEGATIVE
Poilievre unveils House of Commons leadership team that includes two LGBT MPs,NEUTRAL
A Rant: I Hate When Books are Clearly LGBT,NEGATIVE
"Eric Arassus, President of France LGBT+ Sports Federation: ‚ÄúIdrissa Gueye is a great player, but religion is not a part of the sport. Every player took part [in rainbow shirt initiative], except him. He should be sanctioned. Gueye‚Äôs excuses show that the club [PSG] and League let homophobia happen.‚Äù",POSITIVE
What's one thing you would change about the lgbt community?,NEUTRAL
‚ÄòHomosexuality is not a disease‚Äô: Vietnam tells doctors to end discrimination of LGBT community,NEUTRAL
She also attacks LGBT people,NEUTRAL
Gas Cars = üî• Electric Cars = ü§Æ Also LGBT bad for some reason,NEGATIVE
Hi. I am a gay man from Russia. And I need help from the LGBT communities. I'm not asking for money! Just a little online activity.,POSITIVE
"@V_its_me888: Diversity hire: ""Anyone not with the majority of what Americans think, is an extremist"" Lemme get this right.. brown, LGBT lady is saying minorities are extremists?ü§î",POSITIVE
U.S. Supreme Court requires Yeshiva University to allow LGBT student club,NEUTRAL
"Anyone resent the need for LGBT people to ""come out"" ?",NEUTRAL
people who just happen to be lgbt+,NEUTRAL
Hello lgbt community,NEUTRAL
"Top 5 GOP Culture War Topics: Darwin, tan suit, LGBT, CRT, cancel culture, woke, war on xmas, Dr.Seuss, Potato Head, Jemima, freedom fries, trans bathroom, abortion, annual book bans, satanic panic, moral majority, D&D, birtherism, abortion, WoD, McCarthyism, Southern strategy, qanon, seatbelts...",POSITIVE
Thoughts about Egyptian education ministry launching a campaign in elementary schools to raise awareness against ‚Äúperverted acts‚Äù after LGBT promotion by foreigner media.,POSITIVE
Race is rarely brought up here (or LGBT spaces in general),POSITIVE
Kids walkout in support of trans and LGBT rights in Florida.,NEUTRAL
LGBT+ mates after Bridget dropped,NEUTRAL
"Roe v. Wade ruling spurs LGBT Texans to change plans, leave state",NEUTRAL
What are r/LGBT‚Äôs favorite fandoms?,POSITIVE
"Please don't kill me guys. out of genuine curiousity, what is the point of adding new letters to LGBT+ when there is a +?",POSITIVE
i just saw a video of an LGBT person getting beat up and now I'm feeling really bad,NEGATIVE
Question for LGBT people in Portland regarding appearance and harassment,NEUTRAL
"N√°zor na LGBT t√©matiku u maturit? Je to nƒõco, co by tam b√Ωt nemƒõlo, je v√°m to jedno, nebo v tom naopak vid√≠te p≈ô√≠nos, ≈æe se studenti dozv√≠ nƒõco nov√©ho?",NEUTRAL
Sri Lankan attitudes regarding homosexuality/LGBT,NEUTRAL
I need to get this off my chest about school lgbt clubs,NEUTRAL
Guys I‚Äôm LGBT I can make this joke,NEUTRAL
Why is far-right ideology taking hold in LGBT+ communities?,NEUTRAL
"Porgan doesn't understand why LGBT people would feel ""unsafe"" in church, then proceeds to do exactly that thing",POSITIVE
Grand Island school newspaper shut down after LGBT-focused issue,POSITIVE
UAE Ministry of Education Announcement Against LGBT and Other Evils,NEGATIVE
‚ÄòHomosexuality is not a disease‚Äô: Vietnam tells doctors to end discrimination of LGBT community,NEUTRAL
Who‚Äôs been to Tokyo Lgbt pride parade event? Was it great?,POSITIVE
Just unsubbed from r/lgbt because the mods can‚Äôt handle it when someone doesn‚Äôt like a specific show. You can get perma banned for disliking a cartoon.,NEUTRAL
i posted this in r/lgbt and i was told i was ‚Äúsome kind of asexual.‚Äù can anyone expand pls?,POSITIVE
LGBT representation in media starter pack,NEUTRAL
Has a non-LGBT person made you feel uncomfortable?,NEGATIVE
I miss the old LGBT,POSITIVE
"This is Viktor Pylypenko. He's fighting Russian invaders in the üá∫üá¶ 72th Brigade (aka ‚ÄúBlack Zaporizhians‚Äù) and was promoted to Jr Sergeant. An openly gay man, Viktor founded and leads the ‚ÄúUkrainian LGBT Soldiers and our Allies‚Äù association to advocate for the rights of üè≥Ô∏è‚Äçüåà defenders.",POSITIVE
What's y'all's favorite LGBT-related song?,POSITIVE
"Wideo od OI, straszace dzieci aktywistami LGBT",NEUTRAL
she put the L in lgbt üíÄ that insult was good tho,POSITIVE
LGBT IS WATER??,NEUTRAL
"Good job at making a mascot to represent how ""bad"" the lgbt is.",POSITIVE
Can't you don't use object to LGBT,NEUTRAL
"My family got me the Age of Darkness box for my birthday, so here's my first model. Decided on Dark Angels based on their themes and LGBT representation. Hope this looks all right!",POSITIVE
LKY on LGBT: Just leave them be,NEUTRAL
"Got two medals today: one for being the second fastest climber and one for being an lgbt representative in my school, couldn‚Äôt be prouder of myself right now.",POSITIVE
ua pov - Chechen leader says they are going to go to Ukraine to fight LGBT and to liberate other nations from it,NEGATIVE
"its honestly disgusting when pseudoconservative trans women be like ""nbs are their blue hair and pronouns are responsible for the destruction of the lgbt rights movement"" when the lgbt movement in the country isnt even focused on liberation. fuck you. binoids ruined being trans.",NEGATIVE
the LGBT isnt oppressed its oppressive nowadays.,NEUTRAL
the real meaning of LGBT,POSITIVE
"After ‚ÄòThor‚Äô and ‚ÄòLightyear,‚Äô Malaysia Government Is Committed to Banning More LGBT Films",POSITIVE
"Should LGBT people leave the church? If not, what should they do?",NEUTRAL
"Chechen says they are about to go to Ukraine to fight LGBT and ""liberate other nations from it"".",NEGATIVE
Remember that person that posted about why he does not like the lgbt community? Will he makes videos like these.,NEUTRAL
Fun facts about the LGB Alliance: *Only 7% lesbian supporters - majority straight men | *Opposed a ban on conversion therapy | *Called for closure of gay venues | *Oppose gay marriage *Compared LGBT+ community to beastiality. | *All policies about demonising/restricting trans people.,POSITIVE
Opinion of school LGBT debates/discussions?,NEUTRAL
"Meanwhile in Russia: angered by global deliberations about declaring Russia a terrorist state, pro-Kremlin propagandist argues that LGBT people are a real threat to humanity and are worse than the global threat of terrorism.",NEGATIVE
Every LGBT Friend Group Got The-,NEUTRAL
Homophobic religious karen freaks out In LGBT supporting restaurant,POSITIVE
A long long long long long list of Republican pedophiles in response to the LGBT being labeled as groomers,NEGATIVE
For context nexus mode removed a homophobic mod for spider man that removes all lgbt content and replaces all flags with the American one.,POSITIVE
my christian mum thinks her late husband's urn is pro LGBT just because it has a rainbow on it.,NEGATIVE
To all the Ace and Aro people in the LGBT community.,NEUTRAL
Poilievre unveils House of Commons leadership team that includes two LGBT MPs,NEUTRAL
Fox news continuing to target the LGBT community,NEUTRAL
"r/TheLeftCantMeme suggests that it is okay to beat up a person with an LGBT flag based off of the flags meaning, leading to another user to question OP's comment.",POSITIVE
Lizz truss‚Äô affect on LGBT folk,NEUTRAL
"Would it be intolerant/wrong for Christians to adopt a ""no comment"" stance on LGBT issues?",NEUTRAL
From an anti-lgbt fb group,NEUTRAL
Posting canon LGBT characters day 1: Robin from stranger things,NEUTRAL
LGBT tolerance among early humans,POSITIVE
Wholesome LGBT Reddit post from an Asexual not sure he‚Äôd be accepted in our community.,NEGATIVE
JU every third post in r/youngpeopleyoutube is homophobic rage bait. As an LGBT person it just makes me feel like crap.,NEGATIVE
Also the new lgbt+ stuff is neat i guess,POSITIVE
Just unsubbed from r/lgbt because I'm tired everything is about USA's politics even someone feel the need to use other country's tragedy as example.,NEGATIVE
LGBT Rep in a nutshell,NEUTRAL
"'I want to see the rainbow flag raised in Iran' - For the first time, two women known to have been lesbian have been sentenced to death in Iran. It marks a new stage in the Islamic republic's persecution of LGBT people.",POSITIVE
Whats up with Rocklin? Would you feel safe living there as an LGBT+ person?,POSITIVE
"ONLINE DATING TRENDS: Men outnumber women on Tinder by almost 9-to-1 in Europe, with even ""female-friendly"" apps like Bumble more than 80% male in users. The ratio is little better in the US, and Grindr (primarily for gay and LGBT men) now has the highest percentage of active users in some countries",POSITIVE
NYC Parents Showing Pride for Their LGBT Kids in 1974,NEUTRAL
LGBT Rightwingers?,NEUTRAL
LGBT actually stands for,NEUTRAL
"When I was 12 years old, I didn't knew about LGBT people or the community, so when I saw the lesbian flag I immediately though ""Oh wow! Bacon flag!"". Forgive me lesbians",POSITIVE
Twitter when a cartel psychopath isn't an uwu wholesome LGBT ally,NEUTRAL
"what's your thoughts on the ""I don't support lgbt, but I respect them as people"" argument",NEUTRAL
Magic missiles and fireballs are being thrown in /r/Fantasy after somebody mentions Brandon Sandersons former anti-lgbt statements.,POSITIVE
(G)I-dle Shuhua giving encouragement to LGBT fans is the idol standard we need,NEUTRAL
"Ah yes, it‚Äôs the LGBT people that are wrong‚Ä¶",NEUTRAL
"South Korea's Anti-LGBT assembly, held by multiple christian churches.",NEUTRAL
"If a Trans Man & Trans Woman are in a relationship, would it be considered a Straight or LGBT+ couple?",POSITIVE
"""I'm gay. Would you hug me?"" in China, home to some of the world's least LGBT-friendly cities",POSITIVE
I don't have any good LGBT+ memes so have a Lego Ace cake,POSITIVE
What do you think of the new lgbt flag ?,POSITIVE
Nata≈°a Bekvalac i Sara Jo zajedno nage - podr≈°ka LGBT zajednici,NEUTRAL
Just a rant about the state of LGBT emojis.,NEUTRAL
Should kids feels safe to disclose to their teachers that they are LGBT without the fear that the teachers will tell their potentially abusive parents?,POSITIVE
I'm Bi but the LGBT community is so toxic I want nothing to do with.,NEUTRAL
"LGBT, LGBTQ, LGBTQI, LGBTQIA, LGBTQIA+",NEUTRAL
I sent my very catholic mother a place where one of my friends got tested for ADHD. She freaked out because some of the workers said they were LGBT friendly.,POSITIVE
Christian schools trying to kick LGBT related kids out today are the types of schools that tried to expel black kids in the past,NEGATIVE
Warning: This album turns your kids LGBT !!!,NEUTRAL
Mdm Ho Ching (PM Lee‚Äôs Wife) on LGBT Issues In Singapore üè≥Ô∏è‚Äçüåàüè≥Ô∏è‚Äçüåà,NEUTRAL
Cheap countries with LGBT rights?,POSITIVE
Walsh is broadening his attack on healthcare and the lgbt+ community,NEUTRAL
Lgbt need to became anarchist,NEUTRAL
Being a Russian LGBT person right now is:,POSITIVE
CMV: Children Should Know What LGBT People Are,NEUTRAL
What do you think about new bill that prohibits LGBT propaganda? Do you agree with it or not?,POSITIVE
Community Commenting on Biden's LGBT Title IX Proposal,NEUTRAL
I Got Banned From r/lgbt....,NEUTRAL
Being a non-leftist gay in LGBT groups be like (based on my experience),POSITIVE
U.S. Supreme Court Judge Lets Yeshiva University Bar LGBT Student Club,NEUTRAL
"South Korea's Anti-LGBT assembly, held by multiple christian churches.",NEUTRAL
"A calm, agreeable man states his position on LGBT individuals (School Board Freakout)",POSITIVE
Siamo l'unico paese dell'Europa occidentale senza matrimonio LGBT...,NEUTRAL
"Wow lgbt pizza cover , that means occupation and apartheid are okay!",POSITIVE
The comment period is open for the proposed rule that would protect LGBT students via Title IX,NEUTRAL
"To my lgbt+ friends out there, have you ever experienced any negative situations at the parks?",POSITIVE
LGBT haklarƒ±nƒ± destekliyor musunuz?,NEUTRAL
An LGBT positive community won't accept me for being Anti-LGBT!!! Whatever will I do???! üò≠üò≠üò≠,POSITIVE
"Forf√¶rdet bestyrer af LGBT-bar: ""Han sagde, vi skulle bombes, fordi vi er homoer""",NEUTRAL
new designs for lgbt flags,POSITIVE
i have 100%ed LGBT,NEUTRAL
"Pokemon collection for my new office! I research LGBT family formation, so only fairy types are allowed!",POSITIVE
DAE cringe when people use ‚Äúfolx‚Äù to be gender neutral even though ‚Äúfolks‚Äù already is gender neutral? I‚Äôm a member of the LGBT+ community and I think it‚Äôs stupid because it‚Äôs strictly performative.,NEGATIVE
Why is far-right ideology taking hold in LGBT+ communities?,NEUTRAL
"The LGBT Community has become too cliquey, and that is why theres more and more homophobia.",POSITIVE
"Chechen says they are about to go to Ukraine to fight LGBT and ""liberate other nations from it"".",NEGATIVE
I made a lgbt emblem,NEUTRAL
Crazy calls to LGBT resource center,NEGATIVE
AITA for refusing to go to my step mom's home country for holiday as a gay person? They don't have the best LGBT rights record.,POSITIVE
Queensland Anti-Discrimination Laws To Protect LGBT Students And Teachers In Religious Schools,NEUTRAL
ser lgbt √© foda.,NEUTRAL
"ODT√ú'n√ºn 'homofobik kayyum rekt√∂r√º' tarafƒ±ndan yasaklanmaya √ßalƒ±≈üƒ±lan mezuniyet t√∂reninde, 20 metrelik LGBT+ bayraƒüƒ± dalgalandƒ±rƒ±ldƒ±.",NEUTRAL
"I didn‚Äôt see the need to make Gus gay. I mean, what are the chances that two drug kingpins operating in the same area are both gay? Referring of course to LGBT icon Hector.",POSITIVE
"He doesn't HATE LGBT people, he ONLY opposes their very existence!",NEGATIVE
U.S. Supreme Court requires Yeshiva University to allow LGBT student club,NEUTRAL
Do you understand why LGBT people are turn away from the Church and the idea of God? Why do you all seem so okay with that?,POSITIVE
